Name,Age,City,Caption
Rahul,21,Mumbai,Hello 😊 #fun http://test.com
Sneha,22,Pune,Good morning ❤️ #happy
Amit,,Delhi,Nice day 😎
Rahul,21,Mumbai,Hello 😊 #fun http://test.com
Priya,23,,Feeling great 🎉 #life
Karan,24,Bangalore,Working hard 💻 #work
SNEHA,22,Pune,Good morning ❤️ #happy
Arjun,25,Chennai,Travel time ✈️ #trip http://travel.com
Meena,21,Mumbai,Study mode 📚 #study
Rohit,26,Delhi,Gym time 💪 #fitness
Anita,,Pune,Enjoying rain 🌧️ #weather
Vikas,27,Hyderabad,Coding 💻 #dev http://code.com
Neha,22,Mumbai,Party time 🎉 #fun
Sameer,28,Delhi,News update 📰 http://news.com
Pooja,,Bangalore,Shopping 🛍️ #sale
Aakash,24,,Music time 🎵 #music
Divya,23,Pune,Chilling 😄 #relax
Manish,29,Hyderabad,Office work 💼 #job
Kriti,21,Chennai,Food time 🍔 #food http://food.com
Nikhil,26,Mumbai,Driving 🚗 #travel